date,time_ET,brand,facebook,instagram,linkedin,tiktok,google,text,first_comment,link,image_urls,notes
07/27/2026,11:00,Dr. Niki,x,x,x,opt,opt,"Collecting trauma techniques is not the same as knowing how to formulate a trauma case.

A modality can provide powerful methods. It should not be required to do all of the clinical thinking for us.

When every presentation leads to the same intervention, when treatment becomes unclear after a client does not respond as expected, or when recommendations from different models conflict, the missing piece may be a broader clinical framework.

Foundations of Trauma Therapy is a two-day live virtual intensive focused on formulation, sequencing, readiness, relational context, and clinical decision-making across trauma modalities.

September 18-19, 2026 - 9:00 AM-5:00 PM ET - 12 NBCC CE hours - Beta cohort: $200

Review the curriculum and reserve your seat through CFBL Institute.",#CFBLInstitute #TraumaTherapy #ClinicalReasoning #TherapistTraining #ContinuingEducation,https://balancedlivingde.com,https://raw.githubusercontent.com/anserravalle/center-for-balanced-living/e4749cba8ae8873141e88a221fcf0c4361477365/marketing/2026-07-27_week-Jul27-Aug02/deliverables/01_Mon-Jul27_Institute-Carousel_slide-01.png|https://raw.githubusercontent.com/anserravalle/center-for-balanced-living/e4749cba8ae8873141e88a221fcf0c4361477365/marketing/2026-07-27_week-Jul27-Aug02/deliverables/01_Mon-Jul27_Institute-Carousel_slide-02.png|https://raw.githubusercontent.com/anserravalle/center-for-balanced-living/e4749cba8ae8873141e88a221fcf0c4361477365/marketing/2026-07-27_week-Jul27-Aug02/deliverables/01_Mon-Jul27_Institute-Carousel_slide-03.png|https://raw.githubusercontent.com/anserravalle/center-for-balanced-living/e4749cba8ae8873141e88a221fcf0c4361477365/marketing/2026-07-27_week-Jul27-Aug02/deliverables/01_Mon-Jul27_Institute-Carousel_slide-04.png|https://raw.githubusercontent.com/anserravalle/center-for-balanced-living/e4749cba8ae8873141e88a221fcf0c4361477365/marketing/2026-07-27_week-Jul27-Aug02/deliverables/01_Mon-Jul27_Institute-Carousel_slide-05.png|https://raw.githubusercontent.com/anserravalle/center-for-balanced-living/e4749cba8ae8873141e88a221fcf0c4361477365/marketing/2026-07-27_week-Jul27-Aug02/deliverables/01_Mon-Jul27_Institute-Carousel_slide-06.png|https://raw.githubusercontent.com/anserravalle/center-for-balanced-living/e4749cba8ae8873141e88a221fcf0c4361477365/marketing/2026-07-27_week-Jul27-Aug02/deliverables/01_Mon-Jul27_Institute-Carousel_slide-07.png,Carousel (7). Dr. Niki brand.
07/28/2026,12:30,CFBL,x,x (Collab: Dr. Niki),x,opt,x,"People often use the phrase ""psychological evaluation"" as though every evaluation is the same.

It is not.

The referral question determines what information needs to be gathered, which measures may be appropriate, who should contribute information, and what the final evaluation is expected to explain.

Our blog explains the differences among educational, psychological, neuropsychological, and neurodevelopmental evaluations-and why selecting the right type matters.

Read the full article through Center for Balanced Living.",#CenterForBalancedLivingDE #CFBL #PsychologicalEvaluation #NeuropsychologicalAssessment #NeurodevelopmentalEvaluation #DiagnosticClarity,https://balancedlivingde.com,https://raw.githubusercontent.com/anserravalle/center-for-balanced-living/e4749cba8ae8873141e88a221fcf0c4361477365/marketing/2026-07-27_week-Jul27-Aug02/deliverables/02_Tue-Jul28_CFBL-Evaluations_slide-01.png|https://raw.githubusercontent.com/anserravalle/center-for-balanced-living/e4749cba8ae8873141e88a221fcf0c4361477365/marketing/2026-07-27_week-Jul27-Aug02/deliverables/02_Tue-Jul28_CFBL-Evaluations_slide-02.png|https://raw.githubusercontent.com/anserravalle/center-for-balanced-living/e4749cba8ae8873141e88a221fcf0c4361477365/marketing/2026-07-27_week-Jul27-Aug02/deliverables/02_Tue-Jul28_CFBL-Evaluations_slide-03.png|https://raw.githubusercontent.com/anserravalle/center-for-balanced-living/e4749cba8ae8873141e88a221fcf0c4361477365/marketing/2026-07-27_week-Jul27-Aug02/deliverables/02_Tue-Jul28_CFBL-Evaluations_slide-04.png|https://raw.githubusercontent.com/anserravalle/center-for-balanced-living/e4749cba8ae8873141e88a221fcf0c4361477365/marketing/2026-07-27_week-Jul27-Aug02/deliverables/02_Tue-Jul28_CFBL-Evaluations_slide-05.png|https://raw.githubusercontent.com/anserravalle/center-for-balanced-living/e4749cba8ae8873141e88a221fcf0c4361477365/marketing/2026-07-27_week-Jul27-Aug02/deliverables/02_Tue-Jul28_CFBL-Evaluations_slide-06.png,Carousel (6). CFBL brand. Google: use slide 1 only.
07/29/2026,11:00,Dr. Niki,x,x,x,x,x (event),"A clinically useful training should change how you assess, decide, and respond-not simply give you a list of appealing interventions.

Nature-Based EMDR examines how nature may support preparation, regulation, and integration while clinicians remain grounded in standard EMDR practice.

Participants will consider clinical indication, accessibility, ethical integration, and stronger clinical decision-making.

Friday, August 21, 2026 - 12:00-3:00 PM ET - Live via Zoom - 3 EMDRIA Credits

Register through CFBL Institute.",#CFBLInstitute #EMDRTraining #NatureBasedEMDR #NatureInformedTherapy #EMDRTherapist,https://balancedlivingde.com,https://raw.githubusercontent.com/anserravalle/center-for-balanced-living/e4749cba8ae8873141e88a221fcf0c4361477365/marketing/2026-07-27_week-Jul27-Aug02/deliverables/03_Wed-Jul29_Institute-NatureEMDR-Promo_APPROVED.png,Single image (approved graphic). Google event date: 08/21/2026.
07/30/2026,19:00,CFBL,x,x (Collab: Dr. Niki),x,opt,x (event),"Parenting children and teens can involve moments of pride, uncertainty, conflict, connection, and constant adjustment.

Parenting With Purpose is a monthly virtual support group for adults who want to strengthen their parenting skills while connecting with others facing similar questions.

The first meeting will focus on understanding children's and teens' emotions. Participants will explore emotional cues, reflection questions, and practical ways to support emotional awareness at home.

Beginning Friday, August 21 - 5:00-6:00 PM - Virtual - Free to attend
Facilitated by Brianna, Associate Counselor

Registration is on our website - contact Center for Balanced Living to learn more.",#CenterForBalancedLivingDE #CFBL #ParentSupport #ParentingSkills #ParentingTeens #ParentingWithPurpose,https://balancedlivingde.com,https://raw.githubusercontent.com/anserravalle/center-for-balanced-living/e4749cba8ae8873141e88a221fcf0c4361477365/marketing/2026-07-27_week-Jul27-Aug02/deliverables/04_Thu-Jul30_CFBL-ParentingWithPurpose_WITH-TEXT.png,Single image. Google event date: 08/21/2026.
07/31/2026,12:00,Dr. Niki,x,x (Reel),opt,x,,"Nature-informed work should not begin with the question, ""What outdoor intervention could I add?""

It begins with clinical indication, accessibility, containment, ethics, and fidelity to the treatment model.

In the August 21 Nature-Based EMDR workshop, we will examine how clinicians can make those decisions thoughtfully within EMDR practice.",#CFBLInstitute #EMDRTraining #NatureBasedEMDR #ClinicalDecisionMaking #TraumaTherapist,https://balancedlivingde.com,ASSEMBLE REEL (video): https://raw.githubusercontent.com/anserravalle/center-for-balanced-living/e4749cba8ae8873141e88a221fcf0c4361477365/marketing/2026-07-27_week-Jul27-Aug02/deliverables/05_Fri-Jul31_Institute-Reel_HOOK-frame.png -> nature b-roll -> https://raw.githubusercontent.com/anserravalle/center-for-balanced-living/e4749cba8ae8873141e88a221fcf0c4361477365/marketing/2026-07-27_week-Jul27-Aug02/deliverables/05_Fri-Jul31_Institute-Reel_END-card.png,REEL - needs video assembly before scheduling; not a single-image post.
08/01/2026,10:00,CFBL,x,x (Collab: Dr. Niki),x,opt,x,"Parents are often expected to know how to respond to every emotional change, conflict, developmental shift, and difficult conversation.

Most people were never taught how.

Support does not mean someone else has the perfect answer. It means having a place to think, learn, ask questions, and feel less alone while developing skills that fit your family.

Parenting With Purpose begins August 21 and will meet virtually once a month.

Contact CFBL for information.",#CenterForBalancedLivingDE #CFBL #ParentSupport #ParentingCommunity #ParentingTeens,https://balancedlivingde.com,https://raw.githubusercontent.com/anserravalle/center-for-balanced-living/e4749cba8ae8873141e88a221fcf0c4361477365/marketing/2026-07-27_week-Jul27-Aug02/deliverables/06_Sat-Aug1_CFBL-Community_WITH-TEXT.png,Single image.
08/02/2026,18:00,Dr. Niki,x,x,x,opt,opt,"CFBL Institute currently offers two live clinical trainings, but they are designed to answer different questions.

Nature-Based EMDR is for EMDR-trained clinicians who want to integrate nature intentionally while considering clinical indication, accessibility, ethics, and standard EMDR practice.

Foundations of Trauma Therapy is a two-day live virtual intensive for clinicians who want a stronger framework for formulation and treatment planning across trauma modalities.

Choose the training based on the clinical question you need answered.",#CFBLInstitute #ClinicalTraining #EMDRTraining #TraumaTherapy #TherapistEducation,https://balancedlivingde.com,https://raw.githubusercontent.com/anserravalle/center-for-balanced-living/e4749cba8ae8873141e88a221fcf0c4361477365/marketing/2026-07-27_week-Jul27-Aug02/deliverables/07_Sun-Aug2_Institute-Comparison_slide-01.png|https://raw.githubusercontent.com/anserravalle/center-for-balanced-living/e4749cba8ae8873141e88a221fcf0c4361477365/marketing/2026-07-27_week-Jul27-Aug02/deliverables/07_Sun-Aug2_Institute-Comparison_slide-02.png|https://raw.githubusercontent.com/anserravalle/center-for-balanced-living/e4749cba8ae8873141e88a221fcf0c4361477365/marketing/2026-07-27_week-Jul27-Aug02/deliverables/07_Sun-Aug2_Institute-Comparison_slide-03.png|https://raw.githubusercontent.com/anserravalle/center-for-balanced-living/e4749cba8ae8873141e88a221fcf0c4361477365/marketing/2026-07-27_week-Jul27-Aug02/deliverables/07_Sun-Aug2_Institute-Comparison_slide-04.png|https://raw.githubusercontent.com/anserravalle/center-for-balanced-living/e4749cba8ae8873141e88a221fcf0c4361477365/marketing/2026-07-27_week-Jul27-Aug02/deliverables/07_Sun-Aug2_Institute-Comparison_slide-05.png|https://raw.githubusercontent.com/anserravalle/center-for-balanced-living/e4749cba8ae8873141e88a221fcf0c4361477365/marketing/2026-07-27_week-Jul27-Aug02/deliverables/07_Sun-Aug2_Institute-Comparison_slide-06.png|https://raw.githubusercontent.com/anserravalle/center-for-balanced-living/e4749cba8ae8873141e88a221fcf0c4361477365/marketing/2026-07-27_week-Jul27-Aug02/deliverables/07_Sun-Aug2_Institute-Comparison_slide-07.png,Carousel (7). Dr. Niki brand.
